year,donor_code,donor_name,category_code,category_name,iati_usd_mil
2010.0,2,Belgium,10.0,ODA,229.87399899419998
2010.0,3,Denmark,10.0,ODA,1880.802197718486
2010.0,5,Germany,10.0,ODA,456.39062677392604
2010.0,6,Italy,10.0,ODA,16.164210023072002
2010.0,7,Netherlands,10.0,ODA,3824.7497283062
2010.0,7,Netherlands,30.0,Private Development Finance,15.45368468
2010.0,8,Norway,10.0,ODA,49.13025171790235
2010.0,12,United Kingdom,10.0,ODA,7585.844160174818
2010.0,18,Finland,10.0,ODA,0.0
2010.0,18,Finland,20.0,OOF,0.0
2010.0,18,Finland,30.0,Private Development Finance,0.0
2010.0,18,Finland,35.0,Private Market,0.0
2010.0,18,Finland,50.0,Other flows,0.0
2010.0,69,Slovak Republic,10.0,ODA,0.0997992818
2010.0,301,Canada,10.0,ODA,186.26884488708993
2010.0,576,United Arab Emirates,10.0,ODA,48.4968282
2010.0,801,Australia,10.0,ODA,1202.5455780149005
2010.0,820,New Zealand,10.0,ODA,55.57302986016874
2010.0,905,International Development Association,10.0,ODA,5111.539868
2010.0,905,International Development Association,20.0,OOF,7966.464696
2010.0,909,Inter-American Development Bank,20.0,OOF,9082.850354
2010.0,913,African Development Bank,10.0,ODA,2675.079239706841
2010.0,913,African Development Bank,21.0,Non-export credit OOF,8.753223411747394
2010.0,914,African Development Fund,10.0,ODA,2675.079239706841
2010.0,914,African Development Fund,21.0,Non-export credit OOF,8.753223411747394
2010.0,918,EU Institutions,10.0,ODA,302.88436895115194
2010.0,971,UNAIDS,10.0,ODA,0.0
2010.0,976,Islamic Development Bank,10.0,ODA,324.09036738
2010.0,976,Islamic Development Bank,21.0,Non-export credit OOF,1367.22677271
2010.0,988,IFAD,20.0,OOF,458.555927585111
2010.0,1014,Private Infrastructure Development Group,36.0,Private Foreign Direct Investment,99.37720620379999
2010.0,1311,Global Alliance for Vaccines and Immunization,10.0,ODA,603.44064031
2010.0,1312,Global Fund,10.0,ODA,3118.08017212
2010.0,1624,William and Flora Hewlett Foundation,30.0,Private Development Finance,92.11286
2011.0,2,Belgium,10.0,ODA,252.7210678312
2011.0,3,Denmark,10.0,ODA,1970.816256923142
2011.0,5,Germany,10.0,ODA,892.345423150484
2011.0,6,Italy,10.0,ODA,25.663140308156
2011.0,7,Netherlands,10.0,ODA,3621.3503677466
2011.0,7,Netherlands,30.0,Private Development Finance,30.148301508532
2011.0,8,Norway,10.0,ODA,77.09326690777576
2011.0,12,United Kingdom,10.0,ODA,8273.797049755141
2011.0,21,Ireland,10.0,ODA,0.0
2011.0,69,Slovak Republic,10.0,ODA,3.0373280706
2011.0,301,Canada,10.0,ODA,146.7386214032098
2011.0,576,United Arab Emirates,10.0,ODA,40.40653145
2011.0,801,Australia,10.0,ODA,1764.0729908606004
2011.0,820,New Zealand,10.0,ODA,103.22305932503392
2011.0,905,International Development Association,10.0,ODA,6575.019903
2011.0,905,International Development Association,20.0,OOF,9077.331513
2011.0,909,Inter-American Development Bank,20.0,OOF,7758.115333
2011.0,913,African Development Bank,10.0,ODA,3740.8196064712624
2011.0,914,African Development Fund,10.0,ODA,3740.8196064712624
2011.0,918,EU Institutions,10.0,ODA,312.97129705645204
2011.0,976,Islamic Development Bank,10.0,ODA,290.13506719
2011.0,976,Islamic Development Bank,21.0,Non-export credit OOF,1585.5767939500001
2011.0,988,IFAD,20.0,OOF,553.9312831167692
2011.0,1014,Private Infrastructure Development Group,36.0,Private Foreign Direct Investment,78.63280173649999
2011.0,1311,Global Alliance for Vaccines and Immunization,10.0,ODA,686.6102885800001
2011.0,1312,Global Fund,10.0,ODA,2690.24101195
2011.0,1624,William and Flora Hewlett Foundation,30.0,Private Development Finance,72.016953
2012.0,2,Belgium,10.0,ODA,129.9685331834
2012.0,3,Denmark,10.0,ODA,1960.03751358287
2012.0,5,Germany,10.0,ODA,1629.53929792402
2012.0,6,Italy,10.0,ODA,14.81942997875
2012.0,7,Netherlands,10.0,ODA,3330.4054525451998
2012.0,7,Netherlands,30.0,Private Development Finance,39.700576716668
2012.0,8,Norway,10.0,ODA,94.69864403254972
2012.0,12,United Kingdom,10.0,ODA,7987.793443280186
2012.0,18,Finland,10.0,ODA,1048.902941283
2012.0,50,Spain,10.0,ODA,0.020824039199999998
2012.0,69,Slovak Republic,10.0,ODA,3.0250201719999996
2012.0,301,Canada,10.0,ODA,581.496995050419
2012.0,301,Canada,50.0,Other flows,0.525990626331487
2012.0,302,United States,10.0,ODA,8212.354473
2012.0,302,United States,50.0,Other flows,9502.8333
2012.0,576,United Arab Emirates,10.0,ODA,95.87404118
2012.0,576,United Arab Emirates,20.0,OOF,52.71108957
2012.0,801,Australia,10.0,ODA,2331.5632807922007
2012.0,820,New Zealand,10.0,ODA,177.22433481621334
2012.0,905,International Development Association,10.0,ODA,8581.126869
2012.0,905,International Development Association,20.0,OOF,13463.113466
2012.0,909,Inter-American Development Bank,20.0,OOF,6571.701385
2012.0,913,African Development Bank,10.0,ODA,4190.084312576207
2012.0,913,African Development Bank,21.0,Non-export credit OOF,0.8694887056424487
2012.0,914,African Development Fund,10.0,ODA,4190.084312576207
2012.0,914,African Development Fund,21.0,Non-export credit OOF,0.8694887056424487
2012.0,918,EU Institutions,10.0,ODA,553.198512676794
2012.0,959,UNDP,10.0,ODA,244.532703
2012.0,963,UNICEF,10.0,ODA,2657.07006
2012.0,976,Islamic Development Bank,10.0,ODA,222.80122723
2012.0,976,Islamic Development Bank,21.0,Non-export credit OOF,1250.65784802
2012.0,988,IFAD,20.0,OOF,586.9942950809143
2012.0,1014,Private Infrastructure Development Group,36.0,Private Foreign Direct Investment,114.31258372849999
2012.0,1311,Global Alliance for Vaccines and Immunization,10.0,ODA,965.9772098999999
2012.0,1312,Global Fund,10.0,ODA,3385.66352992
2012.0,1624,William and Flora Hewlett Foundation,30.0,Private Development Finance,85.56836
2013.0,2,Belgium,10.0,ODA,152.5563788544
2013.0,3,Denmark,10.0,ODA,2439.7300518701054
2013.0,4,France,10.0,ODA,17.413126545902
2013.0,5,Germany,10.0,ODA,4025.1485660592944
2013.0,6,Italy,10.0,ODA,28.858793656526
2013.0,7,Netherlands,10.0,ODA,3371.2769208158
2013.0,7,Netherlands,30.0,Private Development Finance,65.46980350611601
2013.0,8,Norway,10.0,ODA,183.5519972875226
2013.0,12,United Kingdom,10.0,ODA,12165.16625392534
2013.0,18,Finland,10.0,ODA,1120.668303914
2013.0,21,Ireland,10.0,ODA,0.0
2013.0,50,Spain,10.0,ODA,0.025488218400000002
2013.0,69,Slovak Republic,10.0,ODA,65.2794253784
2013.0,301,Canada,10.0,ODA,310.9958116034654
2013.0,301,Canada,50.0,Other flows,0.5709416276097146
2013.0,302,United States,10.0,ODA,20523.58707
2013.0,302,United States,50.0,Other flows,9267.190129
2013.0,566,Saudi Arabia,10.0,ODA,23.525
2013.0,576,United Arab Emirates,10.0,ODA,107.39877755
2013.0,576,United Arab Emirates,20.0,OOF,7.89817588
2013.0,801,Australia,10.0,ODA,2529.1667907933006
2013.0,820,New Zealand,10.0,ODA,239.32277343796096
2013.0,905,International Development Association,10.0,ODA,11723.552576
2013.0,905,International Development Association,20.0,OOF,16150.061171
2013.0,909,Inter-American Development Bank,20.0,OOF,9257.443298
2013.0,913,African Development Bank,10.0,ODA,4097.582366612008
2013.0,913,African Development Bank,21.0,Non-export credit OOF,0.2214508966111672
2013.0,914,African Development Fund,10.0,ODA,4097.582366612008
2013.0,914,African Development Fund,21.0,Non-export credit OOF,0.2214508966111672
2013.0,915,Asian Development Bank,10.0,ODA,10966.8318148
2013.0,915,Asian Development Bank,21.0,Non-export credit OOF,37445.422799
2013.0,918,EU Institutions,10.0,ODA,354.960286059908
2013.0,959,UNDP,10.0,ODA,343.054364
2013.0,963,UNICEF,10.0,ODA,3434.778538
2013.0,976,Islamic Development Bank,10.0,ODA,256.74226989
2013.0,976,Islamic Development Bank,21.0,Non-export credit OOF,1655.44536079
2013.0,988,IFAD,20.0,OOF,603.7250724168044
2013.0,1014,Private Infrastructure Development Group,36.0,Private Foreign Direct Investment,117.38720435479999
2013.0,1311,Global Alliance for Vaccines and Immunization,10.0,ODA,1373.6072675599999
2013.0,1312,Global Fund,10.0,ODA,4026.37884729
2013.0,1624,William and Flora Hewlett Foundation,30.0,Private Development Finance,87.037555
2014.0,2,Belgium,10.0,ODA,190.943934056
2014.0,3,Denmark,10.0,ODA,2459.2443387772446
2014.0,4,France,10.0,ODA,0.4021154078
2014.0,5,Germany,10.0,ODA,4065.706688641053
2014.0,6,Italy,10.0,ODA,86.95476196851601
2014.0,7,Netherlands,10.0,ODA,3174.6725036056
2014.0,7,Netherlands,30.0,Private Development Finance,104.040307756996
2014.0,8,Norway,10.0,ODA,234.86856907775768
2014.0,12,United Kingdom,10.0,ODA,9840.418970755054
2014.0,18,Finland,10.0,ODA,1256.6165714884
2014.0,21,Ireland,10.0,ODA,0.0
2014.0,50,Spain,10.0,ODA,17.192362737691997
2014.0,69,Slovak Republic,10.0,ODA,63.553195334799994
2014.0,301,Canada,10.0,ODA,341.1346942195711
2014.0,301,Canada,50.0,Other flows,0.0905979264309047
2014.0,302,United States,10.0,ODA,22665.834181
2014.0,302,United States,50.0,Other flows,5710.105154
2014.0,576,United Arab Emirates,10.0,ODA,121.46400218000001
2014.0,576,United Arab Emirates,20.0,OOF,1.8404573899999999
2014.0,801,Australia,10.0,ODA,2704.054586941401
2014.0,820,New Zealand,10.0,ODA,271.9753618679568
2014.0,905,International Development Association,10.0,ODA,12905.793493
2014.0,905,International Development Association,20.0,OOF,15273.620077
2014.0,909,Inter-American Development Bank,20.0,OOF,8899.146631
2014.0,913,African Development Bank,10.0,ODA,3383.7222270749244
2014.0,913,African Development Bank,21.0,Non-export credit OOF,0.8968314570719812
2014.0,914,African Development Fund,10.0,ODA,3383.7222270749244
2014.0,914,African Development Fund,21.0,Non-export credit OOF,0.8968314570719812
2014.0,915,Asian Development Bank,10.0,ODA,2589.9773708400003
2014.0,915,Asian Development Bank,21.0,Non-export credit OOF,6334.17319279
2014.0,918,EU Institutions,10.0,ODA,505.66393459942003
2014.0,918,EU Institutions,50.0,Other flows,0.21366899595000002
2014.0,959,UNDP,10.0,ODA,477.763112
2014.0,963,UNICEF,10.0,ODA,4043.924792
2014.0,976,Islamic Development Bank,10.0,ODA,275.30971482999996
2014.0,976,Islamic Development Bank,21.0,Non-export credit OOF,1581.1251403499998
2014.0,988,IFAD,20.0,OOF,634.262969154344
2014.0,1014,Private Infrastructure Development Group,36.0,Private Foreign Direct Investment,232.0151491472
2014.0,1311,Global Alliance for Vaccines and Immunization,10.0,ODA,1306.78919463
2014.0,1312,Global Fund,10.0,ODA,2932.29471612
2014.0,1624,William and Flora Hewlett Foundation,30.0,Private Development Finance,90.615645
2015.0,2,Belgium,10.0,ODA,62.5882816446
2015.0,3,Denmark,10.0,ODA,2556.044773900667
2015.0,5,Germany,10.0,ODA,5204.462411818092
2015.0,6,Italy,10.0,ODA,110.755222864082
2015.0,7,Netherlands,10.0,ODA,3181.6290656227998
2015.0,7,Netherlands,30.0,Private Development Finance,108.448649450658
2015.0,8,Norway,10.0,ODA,303.21779294755873
2015.0,12,United Kingdom,10.0,ODA,8900.236593667212
2015.0,18,Finland,10.0,ODA,1245.7550902032
2015.0,21,Ireland,10.0,ODA,0.0
2015.0,50,Spain,10.0,ODA,80.858082029412
2015.0,69,Slovak Republic,10.0,ODA,80.705784052
2015.0,301,Canada,10.0,ODA,687.5699435875587
2015.0,301,Canada,20.0,OOF,1.9982820053969605
2015.0,301,Canada,50.0,Other flows,0.04986507598352507
2015.0,302,United States,10.0,ODA,21563.584563
2015.0,302,United States,50.0,Other flows,9692.543678
2015.0,566,Saudi Arabia,10.0,ODA,0.012616
2015.0,576,United Arab Emirates,10.0,ODA,124.88401037
2015.0,576,United Arab Emirates,20.0,OOF,0.0
2015.0,801,Australia,10.0,ODA,2843.1712126657008
2015.0,820,New Zealand,10.0,ODA,273.76157847070624
2015.0,901,International Bank for Reconstruction and Development,50.0,Other flows,126.76581205092799
2015.0,905,International Development Association,10.0,ODA,11139.095507
2015.0,905,International Development Association,20.0,OOF,16450.15675
2015.0,909,Inter-American Development Bank,20.0,OOF,9487.123996
2015.0,913,African Development Bank,10.0,ODA,3331.3653141161076
2015.0,913,African Development Bank,21.0,Non-export credit OOF,12.275171793537675
2015.0,914,African Development Fund,10.0,ODA,3331.3653141161076
2015.0,914,African Development Fund,21.0,Non-export credit OOF,12.275171793537675
2015.0,915,Asian Development Bank,10.0,ODA,2536.98715551
2015.0,915,Asian Development Bank,21.0,Non-export credit OOF,8444.54236706
2015.0,918,EU Institutions,10.0,ODA,547.678924648624
2015.0,918,EU Institutions,50.0,Other flows,5.714095412034
2015.0,959,UNDP,10.0,ODA,904.939744
2015.0,963,UNICEF,10.0,ODA,4607.784198
2015.0,971,UNAIDS,10.0,ODA,128.6253
2015.0,976,Islamic Development Bank,10.0,ODA,189.90805568000002
2015.0,976,Islamic Development Bank,21.0,Non-export credit OOF,1885.85203002
2015.0,988,IFAD,20.0,OOF,687.0667838186338
2015.0,990,European Bank for Reconstruction and Development,50.0,Other flows,126.76581205092799
2015.0,1014,Private Infrastructure Development Group,36.0,Private Foreign Direct Investment,158.5446715957
2015.0,1311,Global Alliance for Vaccines and Immunization,10.0,ODA,1543.0452733799998
2015.0,1312,Global Fund,10.0,ODA,3330.35654319
2015.0,1624,William and Flora Hewlett Foundation,30.0,Private Development Finance,96.275352
2016.0,2,Belgium,10.0,ODA,85.915913032
2016.0,3,Denmark,10.0,ODA,2376.811679705712
2016.0,4,France,10.0,ODA,1.0580937665999999
2016.0,5,Germany,10.0,ODA,6220.662794511132
2016.0,6,Italy,10.0,ODA,317.59810778427
2016.0,7,Netherlands,10.0,ODA,3276.7918554496
2016.0,7,Netherlands,30.0,Private Development Finance,100.94626842158
2016.0,8,Norway,10.0,ODA,671.2768012658228
2016.0,12,United Kingdom,10.0,ODA,9970.605534276045
2016.0,18,Finland,10.0,ODA,1012.426055049981
2016.0,21,Ireland,10.0,ODA,766.566891108039
2016.0,50,Spain,10.0,ODA,39.610346976538004
2016.0,61,Slovenia,10.0,ODA,0.031686
2016.0,69,Slovak Republic,10.0,ODA,99.3221614054
2016.0,301,Canada,10.0,ODA,833.8567741229939
2016.0,301,Canada,20.0,OOF,2.075366851299532
2016.0,301,Canada,50.0,Other flows,0.016717795767646638
2016.0,302,United States,10.0,ODA,22818.604035
2016.0,302,United States,50.0,Other flows,5153.40803
2016.0,566,Saudi Arabia,10.0,ODA,71.866737
2016.0,576,United Arab Emirates,10.0,ODA,598.1932425699999
2016.0,801,Australia,10.0,ODA,2486.510854980601
2016.0,820,New Zealand,10.0,ODA,252.00511669715027
2016.0,901,International Bank for Reconstruction and Development,50.0,Other flows,2456.892979913834
2016.0,905,International Development Association,10.0,ODA,11770.745053
2016.0,905,International Development Association,20.0,OOF,16872.046396
2016.0,909,Inter-American Development Bank,20.0,OOF,9438.596164
2016.0,913,African Development Bank,10.0,ODA,5191.268426436891
2016.0,913,African Development Bank,21.0,Non-export credit OOF,2.9917586796796174
2016.0,914,African Development Fund,10.0,ODA,5191.268426436891
2016.0,914,African Development Fund,21.0,Non-export credit OOF,2.9917586796796174
2016.0,915,Asian Development Bank,10.0,ODA,2450.3832432
2016.0,915,Asian Development Bank,21.0,Non-export credit OOF,8286.30128045
2016.0,918,EU Institutions,10.0,ODA,1085.5278791046842
2016.0,918,EU Institutions,50.0,Other flows,0.56416268156
2016.0,932,Food and Agriculture Organisation,10.0,ODA,1218.52411553
2016.0,959,UNDP,10.0,ODA,1338.943314
2016.0,963,UNICEF,10.0,ODA,5061.620087
2016.0,967,UNHCR,10.0,ODA,3967.0956543800003
2016.0,976,Islamic Development Bank,10.0,ODA,200.34106222999998
2016.0,976,Islamic Development Bank,21.0,Non-export credit OOF,1768.48544391
2016.0,988,IFAD,20.0,OOF,740.8689672777708
2016.0,990,European Bank for Reconstruction and Development,50.0,Other flows,2456.892979913834
2016.0,1014,Private Infrastructure Development Group,36.0,Private Foreign Direct Investment,231.1456805179
2016.0,1311,Global Alliance for Vaccines and Immunization,10.0,ODA,1268.1660326800002
2016.0,1312,Global Fund,10.0,ODA,3700.06782623
2016.0,1624,William and Flora Hewlett Foundation,30.0,Private Development Finance,92.041251
2017.0,2,Belgium,10.0,ODA,210.1114862108
2017.0,3,Denmark,10.0,ODA,2388.3265155499853
2017.0,5,Germany,10.0,ODA,6575.67771732439
2017.0,6,Italy,10.0,ODA,440.383364152352
2017.0,7,Netherlands,10.0,ODA,3206.1763555784
2017.0,7,Netherlands,30.0,Private Development Finance,85.120013870546
2017.0,8,Norway,10.0,ODA,1149.711245840868
2017.0,11,Switzerland,10.0,ODA,1700.1781362941142
2017.0,12,United Kingdom,10.0,ODA,11739.522027560228
2017.0,18,Finland,10.0,ODA,615.1665862788896
2017.0,21,Ireland,10.0,ODA,785.0552210145689
2017.0,50,Spain,10.0,ODA,51.989390543132
2017.0,61,Slovenia,10.0,ODA,0.100339
2017.0,69,Slovak Republic,10.0,ODA,114.58008469640001
2017.0,301,Canada,10.0,ODA,1055.427860026985
2017.0,301,Canada,20.0,OOF,11.553885449510016
2017.0,302,United States,10.0,ODA,22781.146498
2017.0,302,United States,50.0,Other flows,6108.768898
2017.0,566,Saudi Arabia,10.0,ODA,284.188441
2017.0,566,Saudi Arabia,50.0,Other flows,0.25
2017.0,576,United Arab Emirates,10.0,ODA,728.72139122
2017.0,801,Australia,10.0,ODA,2377.5743213544006
2017.0,820,New Zealand,10.0,ODA,252.4189398135583
2017.0,901,International Bank for Reconstruction and Development,50.0,Other flows,1881.5457896527842
2017.0,905,International Development Association,10.0,ODA,13424.004562
2017.0,905,International Development Association,20.0,OOF,14266.563678
2017.0,909,Inter-American Development Bank,20.0,OOF,9484.573581
2017.0,913,African Development Bank,10.0,ODA,5680.961582734191
2017.0,913,African Development Bank,21.0,Non-export credit OOF,3.887815127817019
2017.0,914,African Development Fund,10.0,ODA,5680.961582734191
2017.0,914,African Development Fund,21.0,Non-export credit OOF,3.887815127817019
2017.0,915,Asian Development Bank,10.0,ODA,2000.8716673499998
2017.0,915,Asian Development Bank,21.0,Non-export credit OOF,7701.20771942
2017.0,918,EU Institutions,10.0,ODA,2021.179411738024
2017.0,918,EU Institutions,50.0,Other flows,43.07973135905001
2017.0,928,World Health Organisation,10.0,ODA,45.02987489
2017.0,932,Food and Agriculture Organisation,10.0,ODA,425.63410614
2017.0,959,UNDP,10.0,ODA,1890.146676
2017.0,963,UNICEF,10.0,ODA,5377.327514
2017.0,967,UNHCR,10.0,ODA,4083.35190093
2017.0,971,UNAIDS,10.0,ODA,59.071793
2017.0,976,Islamic Development Bank,10.0,ODA,171.64047559
2017.0,976,Islamic Development Bank,21.0,Non-export credit OOF,2051.24431659
2017.0,988,IFAD,20.0,OOF,861.1112168044191
2017.0,990,European Bank for Reconstruction and Development,50.0,Other flows,1881.5457896527842
2017.0,1014,Private Infrastructure Development Group,36.0,Private Foreign Direct Investment,222.7383607244
2017.0,1050,WHO-Strategic Preparedness and Response Plan,10.0,ODA,45.02987489
2017.0,1311,Global Alliance for Vaccines and Immunization,10.0,ODA,1332.46104277
2017.0,1312,Global Fund,10.0,ODA,4397.20074387
2017.0,1313,Global Green Growth Institute,10.0,ODA,23.194634739999998
2017.0,1624,William and Flora Hewlett Foundation,30.0,Private Development Finance,108.028307
2018.0,2,Belgium,10.0,ODA,459.53486316560003
2018.0,3,Denmark,10.0,ODA,2347.06186040277
2018.0,4,France,10.0,ODA,214.18468454380002
2018.0,5,Germany,10.0,ODA,8139.863125245165
2018.0,6,Italy,10.0,ODA,491.680828453502
2018.0,7,Netherlands,10.0,ODA,3484.72324769
2018.0,7,Netherlands,30.0,Private Development Finance,72.64699731708801
2018.0,7,Netherlands,50.0,Other flows,0.3678227062
2018.0,8,Norway,10.0,ODA,1555.9154056962025
2018.0,11,Switzerland,10.0,ODA,1812.6776683849769
2018.0,12,United Kingdom,10.0,ODA,11128.64120687532
2018.0,18,Finland,10.0,ODA,886.313283713631
2018.0,21,Ireland,10.0,ODA,836.0757892477922
2018.0,50,Spain,10.0,ODA,289.92517163432
2018.0,61,Slovenia,10.0,ODA,0.20067905619999998
2018.0,69,Slovak Republic,10.0,ODA,119.2692609818
2018.0,301,Canada,10.0,ODA,1426.7466390143447
2018.0,301,Canada,20.0,OOF,6.058267788666384
2018.0,302,United States,10.0,ODA,22500.074663
2018.0,302,United States,50.0,Other flows,6877.051439
2018.0,566,Saudi Arabia,10.0,ODA,1138.447286
2018.0,566,Saudi Arabia,20.0,OOF,0.4
2018.0,576,United Arab Emirates,10.0,ODA,1115.06995371
2018.0,576,United Arab Emirates,20.0,OOF,14.63381432
2018.0,801,Australia,10.0,ODA,2480.864863761201
2018.0,820,New Zealand,10.0,ODA,353.7942804354239
2018.0,901,International Bank for Reconstruction and Development,50.0,Other flows,1021.299436193342
2018.0,905,International Development Association,10.0,ODA,15232.159965
2018.0,905,International Development Association,20.0,OOF,14765.727856
2018.0,909,Inter-American Development Bank,20.0,OOF,10294.298413
2018.0,913,African Development Bank,10.0,ODA,4441.359812544673
2018.0,913,African Development Bank,21.0,Non-export credit OOF,2.6084235068743693
2018.0,914,African Development Fund,10.0,ODA,4441.359812544673
2018.0,914,African Development Fund,21.0,Non-export credit OOF,2.6084235068743693
2018.0,915,Asian Development Bank,10.0,ODA,1698.5697555
2018.0,915,Asian Development Bank,21.0,Non-export credit OOF,10112.262606229999
2018.0,918,EU Institutions,10.0,ODA,2649.8262998662
2018.0,918,EU Institutions,50.0,Other flows,6.802519841670001
2018.0,932,Food and Agriculture Organisation,10.0,ODA,383.21027614999997
2018.0,959,UNDP,10.0,ODA,2397.754801
2018.0,963,UNICEF,10.0,ODA,5352.207456
2018.0,967,UNHCR,10.0,ODA,4226.2501293800005
2018.0,971,UNAIDS,10.0,ODA,56.980327
2018.0,976,Islamic Development Bank,10.0,ODA,152.23018196
2018.0,976,Islamic Development Bank,21.0,Non-export credit OOF,2210.62906633
2018.0,988,IFAD,20.0,OOF,857.5963981449695
2018.0,990,European Bank for Reconstruction and Development,50.0,Other flows,1021.299436193342
2018.0,1014,Private Infrastructure Development Group,36.0,Private Foreign Direct Investment,236.7093506476
2018.0,1311,Global Alliance for Vaccines and Immunization,10.0,ODA,1375.4124470499999
2018.0,1312,Global Fund,10.0,ODA,3283.54088385
2018.0,1313,Global Green Growth Institute,10.0,ODA,25.85581261
2018.0,1624,William and Flora Hewlett Foundation,30.0,Private Development Finance,114.751332
2019.0,2,Belgium,10.0,ODA,576.134354733
2019.0,3,Denmark,10.0,ODA,2540.9307052838794
2019.0,4,France,10.0,ODA,1271.823247511796
2019.0,4,France,21.0,Non-export credit OOF,62.287013448554
2019.0,5,Germany,10.0,ODA,9040.464226088281
2019.0,6,Italy,10.0,ODA,475.992719676526
2019.0,7,Netherlands,10.0,ODA,3435.8459101634003
2019.0,7,Netherlands,30.0,Private Development Finance,72.42386642737199
2019.0,7,Netherlands,50.0,Other flows,0.7356559744
2019.0,8,Norway,10.0,ODA,2085.8311848101266
2019.0,11,Switzerland,10.0,ODA,1684.3332929247154
2019.0,12,United Kingdom,10.0,ODA,11980.833235931213
2019.0,18,Finland,10.0,ODA,1508.0472905619297
2019.0,21,Ireland,10.0,ODA,918.4171613130571
2019.0,50,Spain,10.0,ODA,317.343686885058
2019.0,61,Slovenia,10.0,ODA,0.8347138038
2019.0,69,Slovak Republic,10.0,ODA,121.0554536118
2019.0,301,Canada,10.0,ODA,1529.6355230293993
2019.0,301,Canada,20.0,OOF,72.74287150972874
2019.0,302,United States,10.0,ODA,23371.451002
2019.0,302,United States,50.0,Other flows,6575.101039
2019.0,566,Saudi Arabia,10.0,ODA,143.801755
2019.0,576,United Arab Emirates,10.0,ODA,621.0129621599999
2019.0,576,United Arab Emirates,20.0,OOF,81.49469099
2019.0,801,Australia,10.0,ODA,2675.644109944401
2019.0,820,New Zealand,10.0,ODA,392.3184393002537
2019.0,901,International Bank for Reconstruction and Development,50.0,Other flows,908.853652501034
2019.0,905,International Development Association,10.0,ODA,17530.0814
2019.0,905,International Development Association,20.0,OOF,16566.388989
2019.0,909,Inter-American Development Bank,20.0,OOF,9379.950996
2019.0,913,African Development Bank,10.0,ODA,3942.083113910612
2019.0,913,African Development Bank,21.0,Non-export credit OOF,6.364157193386312
2019.0,914,African Development Fund,10.0,ODA,3942.083113910612
2019.0,914,African Development Fund,21.0,Non-export credit OOF,6.364157193386312
2019.0,915,Asian Development Bank,10.0,ODA,2997.7952810700003
2019.0,915,Asian Development Bank,21.0,Non-export credit OOF,11193.34391669
2019.0,918,EU Institutions,10.0,ODA,3236.230089755204
2019.0,918,EU Institutions,21.0,Non-export credit OOF,1.013982640362
2019.0,918,EU Institutions,50.0,Other flows,30.990977412659998
2019.0,928,World Health Organisation,10.0,ODA,53.3919601
2019.0,932,Food and Agriculture Organisation,10.0,ODA,392.63656133
2019.0,959,UNDP,10.0,ODA,2888.085337
2019.0,963,UNICEF,10.0,ODA,5649.260431
2019.0,967,UNHCR,10.0,ODA,4415.29148913
2019.0,971,UNAIDS,10.0,ODA,59.766878
2019.0,976,Islamic Development Bank,10.0,ODA,150.18965717
2019.0,976,Islamic Development Bank,21.0,Non-export credit OOF,2598.8557824600002
2019.0,988,IFAD,20.0,OOF,910.9876074496764
2019.0,990,European Bank for Reconstruction and Development,50.0,Other flows,908.853652501034
2019.0,1014,Private Infrastructure Development Group,36.0,Private Foreign Direct Investment,270.3439693564
2019.0,1050,WHO-Strategic Preparedness and Response Plan,10.0,ODA,53.3919601
2019.0,1311,Global Alliance for Vaccines and Immunization,10.0,ODA,1838.43983237
2019.0,1312,Global Fund,10.0,ODA,3576.69899533
2019.0,1313,Global Green Growth Institute,10.0,ODA,22.41300979
2019.0,1601,Bill & Melinda Gates Foundation,30.0,Private Development Finance,4136.31892868
2019.0,1624,William and Flora Hewlett Foundation,30.0,Private Development Finance,79.539004
2020.0,2,Belgium,10.0,ODA,679.0282412734001
2020.0,3,Denmark,10.0,ODA,2674.6163324014674
2020.0,4,France,10.0,ODA,3763.2995398045678
2020.0,4,France,21.0,Non-export credit OOF,290.994364520868
2020.0,5,Germany,10.0,ODA,10148.22796446864
2020.0,6,Italy,10.0,ODA,457.45231118748404
2020.0,7,Netherlands,10.0,ODA,3607.0021326163996
2020.0,7,Netherlands,30.0,Private Development Finance,56.475702399474
2020.0,7,Netherlands,50.0,Other flows,2.142208361574
2020.0,8,Norway,10.0,ODA,3572.2635184448463
2020.0,11,Switzerland,10.0,ODA,2025.1868713533108
2020.0,12,United Kingdom,10.0,ODA,10525.849078078885
2020.0,18,Finland,10.0,ODA,1185.6176444003202
2020.0,21,Ireland,10.0,ODA,916.3156929140218
2020.0,50,Spain,10.0,ODA,330.46211200256005
2020.0,61,Slovenia,10.0,ODA,0.9464946184
2020.0,69,Slovak Republic,10.0,ODA,129.1309042676
2020.0,301,Canada,10.0,ODA,2044.3982564337455
2020.0,301,Canada,20.0,OOF,25.707605467973302
2020.0,302,United States,10.0,ODA,25065.378083
2020.0,302,United States,50.0,Other flows,4215.508337
2020.0,566,Saudi Arabia,10.0,ODA,269.20791407999997
2020.0,576,United Arab Emirates,10.0,ODA,70.88995642
2020.0,576,United Arab Emirates,20.0,OOF,14.797168529999999
2020.0,801,Australia,10.0,ODA,1982.0234096894008
2020.0,820,New Zealand,10.0,ODA,404.81408949790546
2020.0,901,International Bank for Reconstruction and Development,50.0,Other flows,1322.037880691088
2020.0,905,International Development Association,10.0,ODA,19566.623327
2020.0,905,International Development Association,20.0,OOF,23865.547468
2020.0,909,Inter-American Development Bank,20.0,OOF,13590.883787
2020.0,913,African Development Bank,10.0,ODA,6208.964938036074
2020.0,913,African Development Bank,21.0,Non-export credit OOF,11.71603672637067
2020.0,914,African Development Fund,10.0,ODA,6208.964938036074
2020.0,914,African Development Fund,21.0,Non-export credit OOF,11.71603672637067
2020.0,915,Asian Development Bank,10.0,ODA,3781.87705679
2020.0,915,Asian Development Bank,21.0,Non-export credit OOF,18262.22109772
2020.0,918,EU Institutions,10.0,ODA,5072.937130790095
2020.0,918,EU Institutions,21.0,Non-export credit OOF,3.0304066863799997
2020.0,918,EU Institutions,50.0,Other flows,73.08698689506801
2020.0,928,World Health Organisation,10.0,ODA,1611.4406241799998
2020.0,932,Food and Agriculture Organisation,10.0,ODA,402.38934825
2020.0,959,UNDP,10.0,ODA,3524.154185
2020.0,963,UNICEF,10.0,ODA,5699.663976
2020.0,966,WFP,10.0,ODA,8062.02101824
2020.0,967,UNHCR,10.0,ODA,4837.666033559999
2020.0,971,UNAIDS,10.0,ODA,70.035733
2020.0,976,Islamic Development Bank,10.0,ODA,183.26687816
2020.0,976,Islamic Development Bank,21.0,Non-export credit OOF,2456.54049752
2020.0,988,IFAD,20.0,OOF,824.2792021421278
2020.0,990,European Bank for Reconstruction and Development,50.0,Other flows,1322.037880691088
2020.0,1014,Private Infrastructure Development Group,36.0,Private Foreign Direct Investment,404.243354825
2020.0,1046,UN Women,10.0,ODA,399.729965
2020.0,1050,WHO-Strategic Preparedness and Response Plan,10.0,ODA,1611.4406241799998
2020.0,1311,Global Alliance for Vaccines and Immunization,10.0,ODA,1983.24510097
2020.0,1312,Global Fund,10.0,ODA,4229.43538272
2020.0,1313,Global Green Growth Institute,10.0,ODA,27.3363527
2020.0,1601,Bill & Melinda Gates Foundation,30.0,Private Development Finance,4689.39018519
2020.0,1624,William and Flora Hewlett Foundation,30.0,Private Development Finance,87.0281368
2021.0,2,Belgium,10.0,ODA,1006.5415149088
2021.0,3,Denmark,10.0,ODA,2649.2802427992806
2021.0,3,Denmark,50.0,Other flows,70.48553128407755
2021.0,4,France,10.0,ODA,2872.916334931802
2021.0,4,France,21.0,Non-export credit OOF,453.119281887632
2021.0,5,Germany,10.0,ODA,13608.816773274095
2021.0,6,Italy,10.0,ODA,506.918471827856
2021.0,7,Netherlands,10.0,ODA,3560.0226101044
2021.0,7,Netherlands,30.0,Private Development Finance,96.855191653874
2021.0,7,Netherlands,50.0,Other flows,2.0914614475959996
2021.0,8,Norway,10.0,ODA,3630.925317902351
2021.0,11,Switzerland,10.0,ODA,2653.7198685775784
2021.0,11,Switzerland,50.0,Other flows,0.1559938820597065
2021.0,12,United Kingdom,10.0,ODA,6968.363952965739
2021.0,18,Finland,10.0,ODA,1290.313967484601
2021.0,21,Ireland,10.0,ODA,939.0170377484723
2021.0,50,Spain,10.0,ODA,122.513582452432
2021.0,69,Slovak Republic,10.0,ODA,143.00848400339999
2021.0,301,Canada,10.0,ODA,3279.007761148985
2021.0,301,Canada,20.0,OOF,25.33171945746343
2021.0,302,United States,10.0,ODA,30835.150297
2021.0,302,United States,50.0,Other flows,234.690355
2021.0,566,Saudi Arabia,10.0,ODA,911.72492065
2021.0,576,United Arab Emirates,10.0,ODA,261.83331881
2021.0,576,United Arab Emirates,20.0,OOF,18.80751429
2021.0,820,New Zealand,10.0,ODA,516.7861855212697
2021.0,901,International Bank for Reconstruction and Development,50.0,Other flows,1700.794351430746
2021.0,905,International Development Association,10.0,ODA,20682.603997
2021.0,905,International Development Association,20.0,OOF,21648.339263
2021.0,909,Inter-American Development Bank,20.0,OOF,11065.022625
2021.0,913,African Development Bank,10.0,ODA,4027.3850158851537
2021.0,913,African Development Bank,21.0,Non-export credit OOF,8.073506821812984
2021.0,914,African Development Fund,10.0,ODA,4027.3850158851537
2021.0,914,African Development Fund,21.0,Non-export credit OOF,8.073506821812984
2021.0,915,Asian Development Bank,10.0,ODA,2293.0336743400003
2021.0,915,Asian Development Bank,21.0,Non-export credit OOF,13153.80938189
2021.0,918,EU Institutions,10.0,ODA,6787.210393066745
2021.0,918,EU Institutions,21.0,Non-export credit OOF,4.8260513346759994
2021.0,918,EU Institutions,50.0,Other flows,185.721895671098
2021.0,928,World Health Organisation,10.0,ODA,1962.6849814199998
2021.0,932,Food and Agriculture Organisation,10.0,ODA,391.55642338
2021.0,959,UNDP,10.0,ODA,4401.727398
2021.0,963,UNICEF,10.0,ODA,8027.448995430001
2021.0,966,WFP,10.0,ODA,9251.92660732
2021.0,967,UNHCR,10.0,ODA,4917.97488799
2021.0,971,UNAIDS,10.0,ODA,68.671152
2021.0,976,Islamic Development Bank,10.0,ODA,199.95043497
2021.0,976,Islamic Development Bank,21.0,Non-export credit OOF,2042.8583648499998
2021.0,988,IFAD,20.0,OOF,913.0506302013519
2021.0,990,European Bank for Reconstruction and Development,50.0,Other flows,1700.794351430746
2021.0,1014,Private Infrastructure Development Group,36.0,Private Foreign Direct Investment,335.1364460739
2021.0,1046,UN Women,10.0,ODA,486.884114
2021.0,1050,WHO-Strategic Preparedness and Response Plan,10.0,ODA,1962.6849814199998
2021.0,1311,Global Alliance for Vaccines and Immunization,10.0,ODA,12425.764616789998
2021.0,1312,Global Fund,10.0,ODA,5232.44699622
2021.0,1313,Global Green Growth Institute,10.0,ODA,45.35040835
2021.0,1601,Bill & Melinda Gates Foundation,30.0,Private Development Finance,4821.54000619
2021.0,1624,William and Flora Hewlett Foundation,30.0,Private Development Finance,95.510053
2022.0,2,Belgium,10.0,ODA,1334.5414855042
2022.0,3,Denmark,10.0,ODA,2861.8863234255286
2022.0,3,Denmark,50.0,Other flows,13.516832727195482
2022.0,4,France,10.0,ODA,3135.14344108397
2022.0,4,France,21.0,Non-export credit OOF,1455.7177944102061
2022.0,5,Germany,10.0,ODA,12946.39858846607
2022.0,6,Italy,10.0,ODA,870.215720875196
2022.0,7,Netherlands,10.0,ODA,4035.8415730198003
2022.0,7,Netherlands,21.0,Non-export credit OOF,0.08610402225199999
2022.0,7,Netherlands,30.0,Private Development Finance,77.218553681246
2022.0,7,Netherlands,50.0,Other flows,1.3177362440000002
2022.0,8,Norway,10.0,ODA,4485.036515009042
2022.0,11,Switzerland,10.0,ODA,2641.054761230386
2022.0,11,Switzerland,50.0,Other flows,7.155724239506032
2022.0,12,United Kingdom,10.0,ODA,5345.816853221938
2022.0,18,Finland,10.0,ODA,1639.792531479
2022.0,21,Ireland,10.0,ODA,1492.4285030245337
2022.0,50,Spain,10.0,ODA,176.55256965364399
2022.0,69,Slovak Republic,10.0,ODA,164.2701163692
2022.0,301,Canada,10.0,ODA,3908.1037526558734
2022.0,301,Canada,20.0,OOF,64.05947675756285
2022.0,302,United States,10.0,ODA,50189.789016
2022.0,302,United States,50.0,Other flows,5104.141168
2022.0,566,Saudi Arabia,10.0,ODA,235.109515
2022.0,576,United Arab Emirates,10.0,ODA,1526.4563206799999
2022.0,576,United Arab Emirates,20.0,OOF,2020.6343588299999
2022.0,576,United Arab Emirates,50.0,Other flows,2.84788794
2022.0,820,New Zealand,10.0,ODA,417.5071562629064
2022.0,901,International Bank for Reconstruction and Development,50.0,Other flows,2206.611285662362
2022.0,905,International Development Association,10.0,ODA,23838.941397
2022.0,905,International Development Association,20.0,OOF,24454.774228
2022.0,909,Inter-American Development Bank,20.0,OOF,10827.038805
2022.0,913,African Development Bank,10.0,ODA,3874.659055707093
2022.0,913,African Development Bank,21.0,Non-export credit OOF,1.6686611272283889
2022.0,914,African Development Fund,10.0,ODA,3874.659055707093
2022.0,914,African Development Fund,21.0,Non-export credit OOF,1.6686611272283889
2022.0,915,Asian Development Bank,10.0,ODA,1879.6956247
2022.0,915,Asian Development Bank,21.0,Non-export credit OOF,13351.63486616
2022.0,918,EU Institutions,10.0,ODA,9587.739854997299
2022.0,918,EU Institutions,21.0,Non-export credit OOF,0.9620197022000001
2022.0,918,EU Institutions,50.0,Other flows,65.754473582534
2022.0,928,World Health Organisation,10.0,ODA,1741.9876758599999
2022.0,932,Food and Agriculture Organisation,10.0,ODA,509.83852729
2022.0,940,International Labour Organisation,10.0,ODA,345.50871723650005
2022.0,940,International Labour Organisation,50.0,Other flows,71.84661016350002
2022.0,959,UNDP,10.0,ODA,4544.53486
2022.0,963,UNICEF,10.0,ODA,9858.80632663
2022.0,966,WFP,10.0,ODA,12129.295434270001
2022.0,967,UNHCR,10.0,ODA,5607.08346367
2022.0,971,UNAIDS,10.0,ODA,76.300024
2022.0,976,Islamic Development Bank,10.0,ODA,144.80765276
2022.0,976,Islamic Development Bank,21.0,Non-export credit OOF,1847.13027535
2022.0,988,IFAD,20.0,OOF,1018.5131467839828
2022.0,990,European Bank for Reconstruction and Development,50.0,Other flows,2206.611285662362
2022.0,1014,Private Infrastructure Development Group,36.0,Private Foreign Direct Investment,601.772813578
2022.0,1046,UN Women,10.0,ODA,454.377356
2022.0,1050,WHO-Strategic Preparedness and Response Plan,10.0,ODA,1741.9876758599999
2022.0,1311,Global Alliance for Vaccines and Immunization,10.0,ODA,8769.81975201
2022.0,1312,Global Fund,10.0,ODA,5326.06184959
2022.0,1313,Global Green Growth Institute,10.0,ODA,40.11516015
2022.0,1601,Bill & Melinda Gates Foundation,30.0,Private Development Finance,5038.35038737
2022.0,1616,Gatsby Charitable Foundation,30.0,Private Development Finance,0.2915347924999999
2022.0,1624,William and Flora Hewlett Foundation,30.0,Private Development Finance,113.514855
2023.0,2,Belgium,10.0,ODA,1305.9486643746
2023.0,3,Denmark,10.0,ODA,3079.4556535341617
2023.0,3,Denmark,50.0,Other flows,13.190227103425812
2023.0,4,France,10.0,ODA,1959.825886533648
2023.0,4,France,21.0,Non-export credit OOF,1662.788468072672
2023.0,5,Germany,10.0,ODA,12171.265125161155
2023.0,6,Italy,10.0,ODA,600.720671204666
2023.0,7,Netherlands,10.0,ODA,4252.2678033624
2023.0,7,Netherlands,21.0,Non-export credit OOF,0.620152656834
2023.0,7,Netherlands,30.0,Private Development Finance,84.845640603432
2023.0,7,Netherlands,50.0,Other flows,1.2794310385999998
2023.0,8,Norway,10.0,ODA,5297.060257414105
2023.0,11,Switzerland,10.0,ODA,3495.3600577805473
2023.0,11,Switzerland,50.0,Other flows,9.105350931852943
2023.0,12,United Kingdom,10.0,ODA,7225.784553723711
2023.0,18,Finland,10.0,ODA,1576.3815777667999
2023.0,21,Ireland,10.0,ODA,382.58092513226404
2023.0,69,Slovak Republic,10.0,ODA,160.456346105
2023.0,301,Canada,10.0,ODA,3422.1909540051133
2023.0,301,Canada,20.0,OOF,63.52580082374663
2023.0,302,United States,10.0,ODA,42185.907116
2023.0,302,United States,50.0,Other flows,69.386184
2023.0,566,Saudi Arabia,10.0,ODA,426.8185262
2023.0,576,United Arab Emirates,10.0,ODA,1067.06658929
2023.0,576,United Arab Emirates,20.0,OOF,7.116526
2023.0,576,United Arab Emirates,50.0,Other flows,0.3
2023.0,801,Australia,10.0,ODA,3114.494557442801
2023.0,820,New Zealand,10.0,ODA,629.476169119122
2023.0,901,International Bank for Reconstruction and Development,50.0,Other flows,2974.564468384554
2023.0,905,International Development Association,10.0,ODA,24868.81227
2023.0,905,International Development Association,20.0,OOF,23778.169835
2023.0,909,Inter-American Development Bank,20.0,OOF,11229.041268
2023.0,913,African Development Bank,10.0,ODA,4730.3342636856705
2023.0,914,African Development Fund,10.0,ODA,4730.3342636856705
2023.0,915,Asian Development Bank,10.0,ODA,2517.87697982
2023.0,915,Asian Development Bank,21.0,Non-export credit OOF,12659.49707901
2023.0,918,EU Institutions,10.0,ODA,10192.374732108465
2023.0,918,EU Institutions,21.0,Non-export credit OOF,1.725290437518
2023.0,918,EU Institutions,50.0,Other flows,147.32994718447398
2023.0,928,World Health Organisation,10.0,ODA,2238.59350419
2023.0,932,Food and Agriculture Organisation,10.0,ODA,553.9065763199999
2023.0,940,International Labour Organisation,10.0,ODA,325.8291447635
2023.0,940,International Labour Organisation,50.0,Other flows,92.8281089365
2023.0,959,UNDP,10.0,ODA,4375.454364
2023.0,963,UNICEF,10.0,ODA,10264.48048715
2023.0,966,WFP,10.0,ODA,10641.661915629998
2023.0,967,UNHCR,10.0,ODA,5166.554722
2023.0,971,UNAIDS,10.0,ODA,67.416675
2023.0,974,UNFPA,20.0,OOF,1114.5411510699998
2023.0,976,Islamic Development Bank,10.0,ODA,152.51018712
2023.0,976,Islamic Development Bank,21.0,Non-export credit OOF,1787.93281748
2023.0,988,IFAD,20.0,OOF,1011.3153683324272
2023.0,990,European Bank for Reconstruction and Development,50.0,Other flows,2974.564468384554
2023.0,1014,Private Infrastructure Development Group,36.0,Private Foreign Direct Investment,367.9157701269
2023.0,1050,WHO-Strategic Preparedness and Response Plan,10.0,ODA,2238.59350419
2023.0,1311,Global Alliance for Vaccines and Immunization,10.0,ODA,2385.1932814
2023.0,1312,Global Fund,10.0,ODA,5161.04145433
2023.0,1313,Global Green Growth Institute,10.0,ODA,62.487325979999994
2023.0,1601,Bill & Melinda Gates Foundation,30.0,Private Development Finance,5519.30755532
2023.0,1616,Gatsby Charitable Foundation,10.0,ODA,0.5573980793987696
2023.0,1616,Gatsby Charitable Foundation,30.0,Private Development Finance,0.24750096379999992
2023.0,1624,William and Flora Hewlett Foundation,30.0,Private Development Finance,120.922786
2024.0,2,Belgium,10.0,ODA,1220.618041404
2024.0,3,Denmark,10.0,ODA,1817.9005381895172
2024.0,3,Denmark,50.0,Other flows,17.321993121468328
2024.0,4,France,10.0,ODA,1566.532058505742
2024.0,4,France,21.0,Non-export credit OOF,624.879900426312
2024.0,5,Germany,10.0,ODA,30639.35870467777
2024.0,6,Italy,10.0,ODA,643.928102646518
2024.0,7,Netherlands,10.0,ODA,3699.5751137059997
2024.0,7,Netherlands,21.0,Non-export credit OOF,0.274687053572
2024.0,7,Netherlands,30.0,Private Development Finance,78.956418116392
2024.0,7,Netherlands,50.0,Other flows,4.76385474797
2024.0,8,Norway,10.0,ODA,3417.360059493671
2024.0,12,United Kingdom,10.0,ODA,2452.8604219516624
2024.0,18,Finland,10.0,ODA,554.1257354792
2024.0,301,Canada,10.0,ODA,2456.884075031956
2024.0,301,Canada,20.0,OOF,35.785421126260474
2024.0,302,United States,10.0,ODA,45950.415695
2024.0,302,United States,50.0,Other flows,1.682833
2024.0,566,Saudi Arabia,10.0,ODA,334.617426
2024.0,566,Saudi Arabia,20.0,OOF,0.159984
2024.0,576,United Arab Emirates,10.0,ODA,253.77252743
2024.0,576,United Arab Emirates,20.0,OOF,1.75878029
2024.0,742,Korea,10.0,ODA,2025.3076564309163
2024.0,820,New Zealand,10.0,ODA,611.8175132751194
2024.0,901,International Bank for Reconstruction and Development,50.0,Other flows,1870.934845925694
2024.0,905,International Development Association,10.0,ODA,28455.840751
2024.0,905,International Development Association,20.0,OOF,17586.818784
2024.0,909,Inter-American Development Bank,20.0,OOF,2777.06351
2024.0,913,African Development Bank,10.0,ODA,5754.5950044015935
2024.0,914,African Development Fund,10.0,ODA,5754.5950044015935
2024.0,915,Asian Development Bank,10.0,ODA,3095.3872163
2024.0,915,Asian Development Bank,21.0,Non-export credit OOF,8827.39661752
2024.0,918,EU Institutions,10.0,ODA,10438.647482566534
2024.0,918,EU Institutions,21.0,Non-export credit OOF,77.953297584698
2024.0,918,EU Institutions,50.0,Other flows,98.993440839186
2024.0,928,World Health Organisation,10.0,ODA,1549.6415964699997
2024.0,932,Food and Agriculture Organisation,10.0,ODA,394.06135075
2024.0,959,UNDP,10.0,ODA,3657.797229
2024.0,963,UNICEF,10.0,ODA,8348.81449228
2024.0,966,WFP,10.0,ODA,7706.475532930001
2024.0,971,UNAIDS,10.0,ODA,64.35585
2024.0,988,IFAD,20.0,OOF,580.5244181053088
2024.0,990,European Bank for Reconstruction and Development,50.0,Other flows,1870.934845925694
2024.0,1050,WHO-Strategic Preparedness and Response Plan,10.0,ODA,1549.6415964699997
2024.0,1311,Global Alliance for Vaccines and Immunization,10.0,ODA,2154.9218498200003
2024.0,1312,Global Fund,10.0,ODA,4378.75050967
2024.0,1601,Bill & Melinda Gates Foundation,30.0,Private Development Finance,3323.4041934899997
2024.0,1624,William and Flora Hewlett Foundation,30.0,Private Development Finance,138.400085
